Name,Sale Price,Discount,Product Link
N/A,N/A,N/A,N/A
Corsair RM 850-Watt ATX Modular Power Supply,$134.98,SAVE $45,N/A
N/A,N/A,N/A,N/A
Corsair RM850X 850-Watt ATX Modular Power Supply,N/A,N/A,N/A
N/A,N/A,N/A,N/A
Thermaltake Smart 500-Watt Non-Modular Power Supply,N/A,N/A,N/A
N/A,N/A,N/A,N/A
MSI MPG A1000G PCIE 5 80 Plus Gold 1000W Full Modular ATX 3.0 Gaming Power Supply - Black,$179.98,SAVE $50,N/A
N/A,N/A,N/A,N/A
Corsair RM 850-Watt ATX Modular Power Supply,$134.98,SAVE $45,N/A
N/A,N/A,N/A,N/A
Corsair RM850X 850-Watt ATX Modular Power Supply,N/A,N/A,N/A
N/A,N/A,N/A,N/A
Thermaltake Smart 500-Watt Non-Modular Power Supply,N/A,N/A,N/A
N/A,N/A,N/A,N/A
MSI MPG A1000G PCIE 5 80 Plus Gold 1000W Full Modular ATX 3.0 Gaming Power Supply - Black,$179.98,SAVE $50,N/A
Corsair RM 1000-Watt ATX Modular Power Supply,N/A,N/A,N/A
Corsair RM 850-Watt ATX Modular Power Supply,$134.98,SAVE $45,N/A
Corsair RM850X 850-Watt ATX Modular Power Supply,N/A,N/A,https://www.bestbuy.ca/en-ca/product/corsair-rm850x-850-watt-atx-modular-power-supply/15397408
MSI MAG A850GL PCIE 5 80 Plus Gold 850W Fully Modular 12VHPWR Cable ATX 3.0 Power Supply,$161.98,SAVE $8,https://www.bestbuy.ca/en-ca/product/msi-mag-a850gl-pcie-5-80-plus-gold-850w-fully-modular-12vhpwr-cable-atx-3-0-power-supply/17186413
MSI MPG A1000G PCIE 5 80 Plus Gold 1000W Full Modular ATX 3.0 Gaming Power Supply - Black,$179.98,SAVE $50,https://www.bestbuy.ca/en-ca/product/msi-mpg-a1000g-pcie-5-80-plus-gold-1000w-full-modular-atx-3-0-gaming-power-supply-black/17043693
Corsair RM 850-Watt ATX Modular Power Supply,$134.98,SAVE $45,https://www.bestbuy.ca/en-ca/product/corsair-rm-850-watt-atx-modular-power-supply/15950136
Corsair CX-M 750-Watt ATX Semi-Modular Power Supply,N/A,N/A,https://www.bestbuy.ca/en-ca/product/corsair-cx-m-750-watt-atx-semi-modular-power-supply/15950137
Corsair CX-M 650-Watt ATX Semi-Modular Power Supply,N/A,N/A,https://www.bestbuy.ca/en-ca/product/corsair-cx-m-650-watt-atx-semi-modular-power-supply/15950135
Corsair CX-M 650-Watt ATX Semi-Modular Power Supply,N/A,N/A,N/A
Corsair RMx 1000-Watt ATX Fully Modular Power Supply,N/A,N/A,https://www.bestbuy.ca/en-ca/product/corsair-rmx-1000-watt-atx-fully-modular-power-supply/18479850
Corsair RMx 850-Watt ATX Fully Modular Power Supply,N/A,N/A,https://www.bestbuy.ca/en-ca/product/corsair-rmx-850-watt-atx-fully-modular-power-supply/18479851
Thermaltake Smart 700-Watt Non-Modular Power Supply,N/A,N/A,https://www.bestbuy.ca/en-ca/product/thermaltake-smart-700-watt-non-modular-power-supply/14870096
Thermaltake Smart 500-Watt Non-Modular Power Supply,N/A,N/A,https://www.bestbuy.ca/en-ca/product/thermaltake-smart-500-watt-non-modular-power-supply/14870095
ASUS Prime 850-W Gold ATX Modular Power Supply - White,$154.98,SAVE $35,https://www.bestbuy.ca/en-ca/product/asus-prime-850-w-gold-atx-modular-power-supply-white/17664924
Corsair RM 1000-Watt ATX Modular Power Supply,N/A,N/A,https://www.bestbuy.ca/en-ca/product/corsair-rm-1000-watt-atx-modular-power-supply/15397406
Corsair HX1200i 1200-Watt ATX Modular Power Supply - Only at Best Buy,$389.98,SAVE $45,https://www.bestbuy.ca/en-ca/product/corsair-hx1200i-1200-watt-atx-modular-power-supply-only-at-best-buy/17721248
Corsair RMx Shift 850-Watt PCI-E 5.0 ATX Modular Power Supply,N/A,N/A,N/A
MSI Mag 80 Plus A650GL 650-Watt ATX Modular Power Supply,N/A,N/A,https://www.bestbuy.ca/en-ca/product/msi-mag-80-plus-a650gl-650-watt-atx-modular-power-supply/17186412
Corsair RMx Shift 850-Watt PCI-E 5.0 ATX Modular Power Supply,N/A,N/A,https://www.bestbuy.ca/en-ca/product/corsair-rmx-shift-850-watt-pci-e-5-0-atx-modular-power-supply/16658080
Thermaltake Toughpower GF A3 Gold Series 850-Watt ATX Modular Power Supply,N/A,N/A,https://www.bestbuy.ca/en-ca/product/thermaltake-toughpower-gf-a3-gold-series-850-watt-atx-modular-power-supply/17155011
MSI MAG A750GL PCIE 5 80 Plus Gold 750W Fully Modular 12VHPWR Cable ATX 3.0 Power Supply,N/A,N/A,https://www.bestbuy.ca/en-ca/product/msi-mag-a750gl-pcie-5-80-plus-gold-750w-fully-modular-12vhpwr-cable-atx-3-0-power-supply/17186414
Thermaltake Toughpower GF A3 Gold Series 750-Watt ATX Modular Power Supply,N/A,N/A,https://www.bestbuy.ca/en-ca/product/thermaltake-toughpower-gf-a3-gold-series-750-watt-atx-modular-power-supply/17155010
Corsair RMx Shift 1200-Watt PCI-E 5.0 ATX Modular Power Supply,N/A,N/A,https://www.bestbuy.ca/en-ca/product/corsair-rmx-shift-1200-watt-pci-e-5-0-atx-modular-power-supply/16658081
MSI 80 Plus Platinum MEGAi1300P 1300-Watt ATX Modular Power Supply,N/A,N/A,https://www.bestbuy.ca/en-ca/product/msi-80-plus-platinum-megai1300p-1300-watt-atx-modular-power-supply/17043694
Thermaltake Toughpower GF A3 Gold Series 1200-Watt ATX Modular Power Supply,N/A,N/A,https://www.bestbuy.ca/en-ca/product/thermaltake-toughpower-gf-a3-gold-series-1200-watt-atx-modular-power-supply/17155009
Corsair RMx Shift 1000-Watt PCI-E 5.0 ATX Modular Power Supply,N/A,N/A,https://www.bestbuy.ca/en-ca/product/corsair-rmx-shift-1000-watt-pci-e-5-0-atx-modular-power-supply/16658082
ASUS Tuff-Gaming 850-Watt ATX 3.0 Gold Power Supply - Black,$177.98,SAVE $32,https://www.bestbuy.ca/en-ca/product/asus-tuff-gaming-850-watt-atx-3-0-gold-power-supply-black/17982315
Corsair RMx 750-Watt ATX Fully Modular Power Supply,N/A,N/A,https://www.bestbuy.ca/en-ca/product/corsair-rmx-750-watt-atx-fully-modular-power-supply/18479849
Corsair RMx Shift 1000-Watt PCI-E 5.0 ATX Modular Power Supply,N/A,N/A,N/A
